initial_raw	final_raw	initial_code	final_code	source_page	status
Ø	a		a	p437-p439	official_seed
Ø	o		o	p437-p439	official_seed
Ø	oe		oe	p437-p439	official_seed
Ø	ae		ae	p437-p439	official_seed
Ø	e		e	p437-p439	official_seed
Ø	i		i	p437-p439	official_seed
Ø	u		u	p437-p439	official_seed
Ø	yu		yu	p437-p439	official_seed
Ø	ao		ao	p437-p439	official_seed
Ø	ai		ai	p437-p439	official_seed
Ø	ou		ou	p437-p439	official_seed
Ø	ei		ei	p437-p439	official_seed
Ø	ia		ia	p437-p439	official_seed
Ø	iao		iao	p437-p439	official_seed
Ø	iou		iou	p437-p439	official_seed
Ø	ie		ie	p437-p439	official_seed
Ø	iae		iae	p437-p439	official_seed
Ø	io		io	p437-p439	official_seed
Ø	uai		uai	p437-p439	official_seed
Ø	uo		uo	p437-p439	official_seed
Ø	uoe		uoe	p437-p439	official_seed
Ø	yo		yo	p437-p439	official_seed
Ø	yue		yue	p437-p439	official_seed
Ø	yoe		yoe	p437-p439	official_seed
Ø	ang		ang	p437-p439	official_seed
Ø	eng		eng	p437-p439	official_seed
Ø	ong		ong	p437-p439	official_seed
Ø	iang		iang	p437-p439	official_seed
Ø	iong		iong	p437-p439	official_seed
Ø	ng		ng	p437-p439	official_seed
b	a	b	a	p437-p439	official_seed
b	o	b	o	p437-p439	official_seed
b	oe	b	oe	p437-p439	official_seed
b	ae	b	ae	p437-p439	official_seed
b	e	b	e	p437-p439	official_seed
b	i	b	i	p437-p439	official_seed
b	u	b	u	p437-p439	official_seed
b	ao	b	ao	p437-p439	official_seed
b	ai	b	ai	p437-p439	official_seed
b	ou	b	ou	p437-p439	official_seed
b	ei	b	ei	p437-p439	official_seed
b	ia	b	ia	p437-p439	official_seed
b	iao	b	iao	p437-p439	official_seed
b	iou	b	iou	p437-p439	official_seed
b	ie	b	ie	p437-p439	official_seed
b	uai	b	uai	p437-p439	official_seed
b	uo	b	uo	p437-p439	official_seed
b	uoe	b	uoe	p437-p439	official_seed
b	ang	b	ang	p437-p439	official_seed
b	eng	b	eng	p437-p439	official_seed
b	ong	b	ong	p437-p439	official_seed
p	a	p	a	p437-p439	official_seed
p	o	p	o	p437-p439	official_seed
p	oe	p	oe	p437-p439	official_seed
p	ae	p	ae	p437-p439	official_seed
p	e	p	e	p437-p439	official_seed
p	i	p	i	p437-p439	official_seed
p	u	p	u	p437-p439	official_seed
p	ao	p	ao	p437-p439	official_seed
p	ai	p	ai	p437-p439	official_seed
p	ou	p	ou	p437-p439	official_seed
p	ei	p	ei	p437-p439	official_seed
p	ia	p	ia	p437-p439	official_seed
p	iao	p	iao	p437-p439	official_seed
p	iou	p	iou	p437-p439	official_seed
p	ie	p	ie	p437-p439	official_seed
p	uai	p	uai	p437-p439	official_seed
p	uo	p	uo	p437-p439	official_seed
p	uoe	p	uoe	p437-p439	official_seed
p	ang	p	ang	p437-p439	official_seed
p	eng	p	eng	p437-p439	official_seed
p	ong	p	ong	p437-p439	official_seed
bb	a	bb	a	p437-p439	official_seed
bb	o	bb	o	p437-p439	official_seed
bb	oe	bb	oe	p437-p439	official_seed
bb	ae	bb	ae	p437-p439	official_seed
bb	e	bb	e	p437-p439	official_seed
bb	i	bb	i	p437-p439	official_seed
bb	u	bb	u	p437-p439	official_seed
bb	ao	bb	ao	p437-p439	official_seed
bb	ai	bb	ai	p437-p439	official_seed
bb	ou	bb	ou	p437-p439	official_seed
bb	ei	bb	ei	p437-p439	official_seed
bb	ia	bb	ia	p437-p439	official_seed
bb	iao	bb	iao	p437-p439	official_seed
bb	iou	bb	iou	p437-p439	official_seed
bb	ie	bb	ie	p437-p439	official_seed
bb	uai	bb	uai	p437-p439	official_seed
bb	uo	bb	uo	p437-p439	official_seed
bb	uoe	bb	uoe	p437-p439	official_seed
bb	ang	bb	ang	p437-p439	official_seed
bb	eng	bb	eng	p437-p439	official_seed
bb	ong	bb	ong	p437-p439	official_seed
m	a	m	a	p437-p439	official_seed
m	o	m	o	p437-p439	official_seed
m	oe	m	oe	p437-p439	official_seed
m	ae	m	ae	p437-p439	official_seed
m	e	m	e	p437-p439	official_seed
m	i	m	i	p437-p439	official_seed
m	u	m	u	p437-p439	official_seed
m	ao	m	ao	p437-p439	official_seed
m	ai	m	ai	p437-p439	official_seed
m	ou	m	ou	p437-p439	official_seed
m	ei	m	ei	p437-p439	official_seed
m	ia	m	ia	p437-p439	official_seed
m	iao	m	iao	p437-p439	official_seed
m	iou	m	iou	p437-p439	official_seed
m	ie	m	ie	p437-p439	official_seed
m	uai	m	uai	p437-p439	official_seed
m	uo	m	uo	p437-p439	official_seed
m	uoe	m	uoe	p437-p439	official_seed
m	ang	m	ang	p437-p439	official_seed
m	eng	m	eng	p437-p439	official_seed
m	ong	m	ong	p437-p439	official_seed
m	ng	m	ng	p437-p439	official_seed
f	a	f	a	p437-p439	official_seed
f	o	f	o	p437-p439	official_seed
f	oe	f	oe	p437-p439	official_seed
f	ae	f	ae	p437-p439	official_seed
f	e	f	e	p437-p439	official_seed
f	i	f	i	p437-p439	official_seed
f	u	f	u	p437-p439	official_seed
f	ao	f	ao	p437-p439	official_seed
f	ai	f	ai	p437-p439	official_seed
f	ou	f	ou	p437-p439	official_seed
f	ei	f	ei	p437-p439	official_seed
f	ia	f	ia	p437-p439	official_seed
f	iao	f	iao	p437-p439	official_seed
f	iou	f	iou	p437-p439	official_seed
f	ie	f	ie	p437-p439	official_seed
f	uai	f	uai	p437-p439	official_seed
f	uo	f	uo	p437-p439	official_seed
f	uoe	f	uoe	p437-p439	official_seed
f	ang	f	ang	p437-p439	official_seed
f	eng	f	eng	p437-p439	official_seed
f	ong	f	ong	p437-p439	official_seed
v	a	v	a	p437-p439	official_seed
v	o	v	o	p437-p439	official_seed
v	oe	v	oe	p437-p439	official_seed
v	ae	v	ae	p437-p439	official_seed
v	e	v	e	p437-p439	official_seed
v	i	v	i	p437-p439	official_seed
v	u	v	u	p437-p439	official_seed
v	ao	v	ao	p437-p439	official_seed
v	ai	v	ai	p437-p439	official_seed
v	ou	v	ou	p437-p439	official_seed
v	ei	v	ei	p437-p439	official_seed
v	ia	v	ia	p437-p439	official_seed
v	iao	v	iao	p437-p439	official_seed
v	iou	v	iou	p437-p439	official_seed
v	ie	v	ie	p437-p439	official_seed
v	uai	v	uai	p437-p439	official_seed
v	uo	v	uo	p437-p439	official_seed
v	uoe	v	uoe	p437-p439	official_seed
v	ang	v	ang	p437-p439	official_seed
v	eng	v	eng	p437-p439	official_seed
v	ong	v	ong	p437-p439	official_seed
d	a	d	a	p437-p439	official_seed
d	o	d	o	p437-p439	official_seed
d	oe	d	oe	p437-p439	official_seed
d	ae	d	ae	p437-p439	official_seed
d	e	d	e	p437-p439	official_seed
d	i	d	i	p437-p439	official_seed
d	u	d	u	p437-p439	official_seed
d	ao	d	ao	p437-p439	official_seed
d	ai	d	ai	p437-p439	official_seed
d	ou	d	ou	p437-p439	official_seed
d	ei	d	ei	p437-p439	official_seed
d	ia	d	ia	p437-p439	official_seed
d	iao	d	iao	p437-p439	official_seed
d	iou	d	iou	p437-p439	official_seed
d	ie	d	ie	p437-p439	official_seed
d	uo	d	uo	p437-p439	official_seed
d	uoe	d	uoe	p437-p439	official_seed
d	ang	d	ang	p437-p439	official_seed
d	eng	d	eng	p437-p439	official_seed
d	ong	d	ong	p437-p439	official_seed
t	a	t	a	p437-p439	official_seed
t	o	t	o	p437-p439	official_seed
t	oe	t	oe	p437-p439	official_seed
t	ae	t	ae	p437-p439	official_seed
t	e	t	e	p437-p439	official_seed
t	i	t	i	p437-p439	official_seed
t	u	t	u	p437-p439	official_seed
t	ao	t	ao	p437-p439	official_seed
t	ai	t	ai	p437-p439	official_seed
t	ou	t	ou	p437-p439	official_seed
t	ei	t	ei	p437-p439	official_seed
t	ia	t	ia	p437-p439	official_seed
t	iao	t	iao	p437-p439	official_seed
t	iou	t	iou	p437-p439	official_seed
t	ie	t	ie	p437-p439	official_seed
t	uo	t	uo	p437-p439	official_seed
t	uoe	t	uoe	p437-p439	official_seed
t	ang	t	ang	p437-p439	official_seed
t	eng	t	eng	p437-p439	official_seed
t	ong	t	ong	p437-p439	official_seed
dd	a	dd	a	p437-p439	official_seed
dd	o	dd	o	p437-p439	official_seed
dd	oe	dd	oe	p437-p439	official_seed
dd	ae	dd	ae	p437-p439	official_seed
dd	e	dd	e	p437-p439	official_seed
dd	i	dd	i	p437-p439	official_seed
dd	u	dd	u	p437-p439	official_seed
dd	ao	dd	ao	p437-p439	official_seed
dd	ai	dd	ai	p437-p439	official_seed
dd	ou	dd	ou	p437-p439	official_seed
dd	ei	dd	ei	p437-p439	official_seed
dd	ia	dd	ia	p437-p439	official_seed
dd	iao	dd	iao	p437-p439	official_seed
dd	iou	dd	iou	p437-p439	official_seed
dd	ie	dd	ie	p437-p439	official_seed
dd	uo	dd	uo	p437-p439	official_seed
dd	uoe	dd	uoe	p437-p439	official_seed
dd	ang	dd	ang	p437-p439	official_seed
dd	eng	dd	eng	p437-p439	official_seed
dd	ong	dd	ong	p437-p439	official_seed
n	a	n	a	p437-p439	official_seed
n	o	n	o	p437-p439	official_seed
n	oe	n	oe	p437-p439	official_seed
n	ae	n	ae	p437-p439	official_seed
n	e	n	e	p437-p439	official_seed
n	i	n	i	p437-p439	official_seed
n	u	n	u	p437-p439	official_seed
n	yu	n	yu	p437-p439	official_seed
n	ao	n	ao	p437-p439	official_seed
n	ai	n	ai	p437-p439	official_seed
n	ou	n	ou	p437-p439	official_seed
n	ei	n	ei	p437-p439	official_seed
n	ia	n	ia	p437-p439	official_seed
n	iao	n	iao	p437-p439	official_seed
n	iou	n	iou	p437-p439	official_seed
n	ie	n	ie	p437-p439	official_seed
n	iae	n	iae	p437-p439	official_seed
n	io	n	io	p437-p439	official_seed
n	uo	n	uo	p437-p439	official_seed
n	uoe	n	uoe	p437-p439	official_seed
n	yo	n	yo	p437-p439	official_seed
n	yue	n	yue	p437-p439	official_seed
n	ang	n	ang	p437-p439	official_seed
n	eng	n	eng	p437-p439	official_seed
n	ong	n	ong	p437-p439	official_seed
n	iang	n	iang	p437-p439	official_seed
n	iong	n	iong	p437-p439	official_seed
n	ng	n	ng	p437-p439	official_seed
l	a	l	a	p437-p439	official_seed
l	o	l	o	p437-p439	official_seed
l	oe	l	oe	p437-p439	official_seed
l	ae	l	ae	p437-p439	official_seed
l	e	l	e	p437-p439	official_seed
l	i	l	i	p437-p439	official_seed
l	u	l	u	p437-p439	official_seed
l	yu	l	yu	p437-p439	official_seed
l	ao	l	ao	p437-p439	official_seed
l	ai	l	ai	p437-p439	official_seed
l	ou	l	ou	p437-p439	official_seed
l	ei	l	ei	p437-p439	official_seed
l	ia	l	ia	p437-p439	official_seed
l	iao	l	iao	p437-p439	official_seed
l	iou	l	iou	p437-p439	official_seed
l	ie	l	ie	p437-p439	official_seed
l	iae	l	iae	p437-p439	official_seed
l	io	l	io	p437-p439	official_seed
l	uo	l	uo	p437-p439	official_seed
l	uoe	l	uoe	p437-p439	official_seed
l	yo	l	yo	p437-p439	official_seed
l	yue	l	yue	p437-p439	official_seed
l	ang	l	ang	p437-p439	official_seed
l	eng	l	eng	p437-p439	official_seed
l	ong	l	ong	p437-p439	official_seed
l	iang	l	iang	p437-p439	official_seed
l	iong	l	iong	p437-p439	official_seed
g	a	g	a	p437-p439	official_seed
g	o	g	o	p437-p439	official_seed
g	oe	g	oe	p437-p439	official_seed
g	ae	g	ae	p437-p439	official_seed
g	e	g	e	p437-p439	official_seed
g	i	g	i	p437-p439	official_seed
g	u	g	u	p437-p439	official_seed
g	ao	g	ao	p437-p439	official_seed
g	ai	g	ai	p437-p439	official_seed
g	ou	g	ou	p437-p439	official_seed
g	ei	g	ei	p437-p439	official_seed
g	ia	g	ia	p437-p439	official_seed
g	iao	g	iao	p437-p439	official_seed
g	iou	g	iou	p437-p439	official_seed
g	ie	g	ie	p437-p439	official_seed
g	uai	g	uai	p437-p439	official_seed
g	uo	g	uo	p437-p439	official_seed
g	uoe	g	uoe	p437-p439	official_seed
g	ang	g	ang	p437-p439	official_seed
g	eng	g	eng	p437-p439	official_seed
g	ong	g	ong	p437-p439	official_seed
k	a	k	a	p437-p439	official_seed
k	o	k	o	p437-p439	official_seed
k	oe	k	oe	p437-p439	official_seed
k	ae	k	ae	p437-p439	official_seed
k	e	k	e	p437-p439	official_seed
k	i	k	i	p437-p439	official_seed
k	u	k	u	p437-p439	official_seed
k	ao	k	ao	p437-p439	official_seed
k	ai	k	ai	p437-p439	official_seed
k	ou	k	ou	p437-p439	official_seed
k	ei	k	ei	p437-p439	official_seed
k	ia	k	ia	p437-p439	official_seed
k	iao	k	iao	p437-p439	official_seed
k	iou	k	iou	p437-p439	official_seed
k	ie	k	ie	p437-p439	official_seed
k	uai	k	uai	p437-p439	official_seed
k	uo	k	uo	p437-p439	official_seed
k	uoe	k	uoe	p437-p439	official_seed
k	ang	k	ang	p437-p439	official_seed
k	eng	k	eng	p437-p439	official_seed
k	ong	k	ong	p437-p439	official_seed
gg	a	gg	a	p437-p439	official_seed
gg	o	gg	o	p437-p439	official_seed
gg	oe	gg	oe	p437-p439	official_seed
gg	ae	gg	ae	p437-p439	official_seed
gg	e	gg	e	p437-p439	official_seed
gg	i	gg	i	p437-p439	official_seed
gg	u	gg	u	p437-p439	official_seed
gg	ao	gg	ao	p437-p439	official_seed
gg	ai	gg	ai	p437-p439	official_seed
gg	ou	gg	ou	p437-p439	official_seed
gg	ei	gg	ei	p437-p439	official_seed
gg	ia	gg	ia	p437-p439	official_seed
gg	iao	gg	iao	p437-p439	official_seed
gg	iou	gg	iou	p437-p439	official_seed
gg	ie	gg	ie	p437-p439	official_seed
gg	uai	gg	uai	p437-p439	official_seed
gg	uo	gg	uo	p437-p439	official_seed
gg	uoe	gg	uoe	p437-p439	official_seed
gg	ang	gg	ang	p437-p439	official_seed
gg	eng	gg	eng	p437-p439	official_seed
gg	ong	gg	ong	p437-p439	official_seed
ng	a	ng	a	p437-p439	official_seed
ng	o	ng	o	p437-p439	official_seed
ng	oe	ng	oe	p437-p439	official_seed
ng	ae	ng	ae	p437-p439	official_seed
ng	e	ng	e	p437-p439	official_seed
ng	i	ng	i	p437-p439	official_seed
ng	u	ng	u	p437-p439	official_seed
ng	ao	ng	ao	p437-p439	official_seed
ng	ai	ng	ai	p437-p439	official_seed
ng	ou	ng	ou	p437-p439	official_seed
ng	ei	ng	ei	p437-p439	official_seed
ng	ia	ng	ia	p437-p439	official_seed
ng	iao	ng	iao	p437-p439	official_seed
ng	iou	ng	iou	p437-p439	official_seed
ng	ie	ng	ie	p437-p439	official_seed
ng	uai	ng	uai	p437-p439	official_seed
ng	uo	ng	uo	p437-p439	official_seed
ng	uoe	ng	uoe	p437-p439	official_seed
ng	ang	ng	ang	p437-p439	official_seed
ng	eng	ng	eng	p437-p439	official_seed
ng	ong	ng	ong	p437-p439	official_seed
h	a	h	a	p437-p439	official_seed
h	o	h	o	p437-p439	official_seed
h	oe	h	oe	p437-p439	official_seed
h	ae	h	ae	p437-p439	official_seed
h	e	h	e	p437-p439	official_seed
h	i	h	i	p437-p439	official_seed
h	u	h	u	p437-p439	official_seed
h	yu	h	yu	p437-p439	official_seed
h	ao	h	ao	p437-p439	official_seed
h	ai	h	ai	p437-p439	official_seed
h	ou	h	ou	p437-p439	official_seed
h	ei	h	ei	p437-p439	official_seed
h	ia	h	ia	p437-p439	official_seed
h	iao	h	iao	p437-p439	official_seed
h	iou	h	iou	p437-p439	official_seed
h	ie	h	ie	p437-p439	official_seed
h	iae	h	iae	p437-p439	official_seed
h	io	h	io	p437-p439	official_seed
h	uai	h	uai	p437-p439	official_seed
h	uo	h	uo	p437-p439	official_seed
h	uoe	h	uoe	p437-p439	official_seed
h	yo	h	yo	p437-p439	official_seed
h	yue	h	yue	p437-p439	official_seed
h	yoe	h	yoe	p437-p439	official_seed
h	ang	h	ang	p437-p439	official_seed
h	eng	h	eng	p437-p439	official_seed
h	ong	h	ong	p437-p439	official_seed
h	iang	h	iang	p437-p439	official_seed
h	iong	h	iong	p437-p439	official_seed
h	ng	h	ng	p437-p439	official_seed
hh	a	hh	a	p437-p439	official_seed
hh	o	hh	o	p437-p439	official_seed
hh	oe	hh	oe	p437-p439	official_seed
hh	ae	hh	ae	p437-p439	official_seed
hh	e	hh	e	p437-p439	official_seed
hh	i	hh	i	p437-p439	official_seed
hh	u	hh	u	p437-p439	official_seed
hh	yu	hh	yu	p437-p439	official_seed
hh	ao	hh	ao	p437-p439	official_seed
hh	ai	hh	ai	p437-p439	official_seed
hh	ou	hh	ou	p437-p439	official_seed
hh	ei	hh	ei	p437-p439	official_seed
hh	ia	hh	ia	p437-p439	official_seed
hh	iao	hh	iao	p437-p439	official_seed
hh	iou	hh	iou	p437-p439	official_seed
hh	ie	hh	ie	p437-p439	official_seed
hh	iae	hh	iae	p437-p439	official_seed
hh	io	hh	io	p437-p439	official_seed
hh	uai	hh	uai	p437-p439	official_seed
hh	uo	hh	uo	p437-p439	official_seed
hh	uoe	hh	uoe	p437-p439	official_seed
hh	yo	hh	yo	p437-p439	official_seed
hh	yue	hh	yue	p437-p439	official_seed
hh	yoe	hh	yoe	p437-p439	official_seed
hh	ang	hh	ang	p437-p439	official_seed
hh	eng	hh	eng	p437-p439	official_seed
hh	ong	hh	ong	p437-p439	official_seed
hh	iang	hh	iang	p437-p439	official_seed
hh	iong	hh	iong	p437-p439	official_seed
j	i	j	i	p437-p439	official_seed
j	yu	j	yu	p437-p439	official_seed
j	ia	j	ia	p437-p439	official_seed
j	iao	j	iao	p437-p439	official_seed
j	iou	j	iou	p437-p439	official_seed
j	ie	j	ie	p437-p439	official_seed
j	iae	j	iae	p437-p439	official_seed
j	io	j	io	p437-p439	official_seed
j	yo	j	yo	p437-p439	official_seed
j	yue	j	yue	p437-p439	official_seed
j	yoe	j	yoe	p437-p439	official_seed
j	iang	j	iang	p437-p439	official_seed
j	iong	j	iong	p437-p439	official_seed
q	i	q	i	p437-p439	official_seed
q	yu	q	yu	p437-p439	official_seed
q	ia	q	ia	p437-p439	official_seed
q	iao	q	iao	p437-p439	official_seed
q	iou	q	iou	p437-p439	official_seed
q	ie	q	ie	p437-p439	official_seed
q	iae	q	iae	p437-p439	official_seed
q	io	q	io	p437-p439	official_seed
q	yo	q	yo	p437-p439	official_seed
q	yue	q	yue	p437-p439	official_seed
q	yoe	q	yoe	p437-p439	official_seed
q	iang	q	iang	p437-p439	official_seed
q	iong	q	iong	p437-p439	official_seed
jj	i	jj	i	p437-p439	official_seed
jj	yu	jj	yu	p437-p439	official_seed
jj	ia	jj	ia	p437-p439	official_seed
jj	iao	jj	iao	p437-p439	official_seed
jj	iou	jj	iou	p437-p439	official_seed
jj	ie	jj	ie	p437-p439	official_seed
jj	iae	jj	iae	p437-p439	official_seed
jj	io	jj	io	p437-p439	official_seed
jj	yo	jj	yo	p437-p439	official_seed
jj	yue	jj	yue	p437-p439	official_seed
jj	yoe	jj	yoe	p437-p439	official_seed
jj	iang	jj	iang	p437-p439	official_seed
jj	iong	jj	iong	p437-p439	official_seed
nj	i	nj	i	p437-p439	official_seed
nj	yu	nj	yu	p437-p439	official_seed
nj	ia	nj	ia	p437-p439	official_seed
nj	iao	nj	iao	p437-p439	official_seed
nj	iou	nj	iou	p437-p439	official_seed
nj	ie	nj	ie	p437-p439	official_seed
nj	iae	nj	iae	p437-p439	official_seed
nj	io	nj	io	p437-p439	official_seed
nj	yo	nj	yo	p437-p439	official_seed
nj	yue	nj	yue	p437-p439	official_seed
nj	yoe	nj	yoe	p437-p439	official_seed
nj	iang	nj	iang	p437-p439	official_seed
nj	iong	nj	iong	p437-p439	official_seed
x	i	x	i	p437-p439	official_seed
x	yu	x	yu	p437-p439	official_seed
x	ia	x	ia	p437-p439	official_seed
x	iao	x	iao	p437-p439	official_seed
x	iou	x	iou	p437-p439	official_seed
x	ie	x	ie	p437-p439	official_seed
x	iae	x	iae	p437-p439	official_seed
x	io	x	io	p437-p439	official_seed
x	yo	x	yo	p437-p439	official_seed
x	yue	x	yue	p437-p439	official_seed
x	yoe	x	yoe	p437-p439	official_seed
x	iang	x	iang	p437-p439	official_seed
x	iong	x	iong	p437-p439	official_seed
z	a	z	a	p437-p439	official_seed
z	o	z	o	p437-p439	official_seed
z	oe	z	oe	p437-p439	official_seed
z	ae	z	ae	p437-p439	official_seed
z	e	z	e	p437-p439	official_seed
z	i	z	i	p437-p439	official_seed
z	u	z	u	p437-p439	official_seed
z	ao	z	ao	p437-p439	official_seed
z	ai	z	ai	p437-p439	official_seed
z	ou	z	ou	p437-p439	official_seed
z	ei	z	ei	p437-p439	official_seed
z	ia	z	ia	p437-p439	official_seed
z	iao	z	iao	p437-p439	official_seed
z	iou	z	iou	p437-p439	official_seed
z	ie	z	ie	p437-p439	official_seed
z	ang	z	ang	p437-p439	official_seed
z	eng	z	eng	p437-p439	official_seed
z	ong	z	ong	p437-p439	official_seed
c	a	c	a	p437-p439	official_seed
c	o	c	o	p437-p439	official_seed
c	oe	c	oe	p437-p439	official_seed
c	ae	c	ae	p437-p439	official_seed
c	e	c	e	p437-p439	official_seed
c	i	c	i	p437-p439	official_seed
c	u	c	u	p437-p439	official_seed
c	ao	c	ao	p437-p439	official_seed
c	ai	c	ai	p437-p439	official_seed
c	ou	c	ou	p437-p439	official_seed
c	ei	c	ei	p437-p439	official_seed
c	ia	c	ia	p437-p439	official_seed
c	iao	c	iao	p437-p439	official_seed
c	iou	c	iou	p437-p439	official_seed
c	ie	c	ie	p437-p439	official_seed
c	ang	c	ang	p437-p439	official_seed
c	eng	c	eng	p437-p439	official_seed
c	ong	c	ong	p437-p439	official_seed
zz	a	zz	a	p437-p439	official_seed
zz	o	zz	o	p437-p439	official_seed
zz	oe	zz	oe	p437-p439	official_seed
zz	ae	zz	ae	p437-p439	official_seed
zz	e	zz	e	p437-p439	official_seed
zz	i	zz	i	p437-p439	official_seed
zz	u	zz	u	p437-p439	official_seed
zz	ao	zz	ao	p437-p439	official_seed
zz	ai	zz	ai	p437-p439	official_seed
zz	ou	zz	ou	p437-p439	official_seed
zz	ei	zz	ei	p437-p439	official_seed
zz	ia	zz	ia	p437-p439	official_seed
zz	iao	zz	iao	p437-p439	official_seed
zz	iou	zz	iou	p437-p439	official_seed
zz	ie	zz	ie	p437-p439	official_seed
zz	ang	zz	ang	p437-p439	official_seed
zz	eng	zz	eng	p437-p439	official_seed
zz	ong	zz	ong	p437-p439	official_seed
s	a	s	a	p437-p439	official_seed
s	o	s	o	p437-p439	official_seed
s	oe	s	oe	p437-p439	official_seed
s	ae	s	ae	p437-p439	official_seed
s	e	s	e	p437-p439	official_seed
s	i	s	i	p437-p439	official_seed
s	u	s	u	p437-p439	official_seed
s	ao	s	ao	p437-p439	official_seed
s	ai	s	ai	p437-p439	official_seed
s	ou	s	ou	p437-p439	official_seed
s	ei	s	ei	p437-p439	official_seed
s	ia	s	ia	p437-p439	official_seed
s	iao	s	iao	p437-p439	official_seed
s	iou	s	iou	p437-p439	official_seed
s	ie	s	ie	p437-p439	official_seed
s	ang	s	ang	p437-p439	official_seed
s	eng	s	eng	p437-p439	official_seed
s	ong	s	ong	p437-p439	official_seed
zs	a	zs	a	p437-p439	official_seed
zs	o	zs	o	p437-p439	official_seed
zs	oe	zs	oe	p437-p439	official_seed
zs	ae	zs	ae	p437-p439	official_seed
zs	e	zs	e	p437-p439	official_seed
zs	i	zs	i	p437-p439	official_seed
zs	u	zs	u	p437-p439	official_seed
zs	ao	zs	ao	p437-p439	official_seed
zs	ai	zs	ai	p437-p439	official_seed
zs	ou	zs	ou	p437-p439	official_seed
zs	ei	zs	ei	p437-p439	official_seed
zs	ia	zs	ia	p437-p439	official_seed
zs	iao	zs	iao	p437-p439	official_seed
zs	iou	zs	iou	p437-p439	official_seed
zs	ie	zs	ie	p437-p439	official_seed
zs	ang	zs	ang	p437-p439	official_seed
zs	eng	zs	eng	p437-p439	official_seed
zs	ong	zs	ong	p437-p439	official_seed
